checkpoint_step,cross_ablate_all_accuracy,cross_ablate_all_loss,cross_ablate_all_n,cross_ablate_all_phase_mae,cross_ablate_all_q_norm,cross_ablate_heldout_accuracy,cross_ablate_heldout_loss,cross_ablate_heldout_n,cross_ablate_heldout_phase_mae,cross_ablate_heldout_q_norm,cross_ablate_train_accuracy,cross_ablate_train_loss,cross_ablate_train_n,cross_ablate_train_phase_mae,cross_ablate_train_q_norm,fourier_energy,fourier_only_all_accuracy,fourier_only_all_loss,fourier_only_all_n,fourier_only_all_phase_mae,fourier_only_all_q_norm,fourier_only_heldout_accuracy,fourier_only_heldout_loss,fourier_only_heldout_n,fourier_only_heldout_phase_mae,fourier_only_heldout_q_norm,fourier_only_train_accuracy,fourier_only_train_loss,fourier_only_train_n,fourier_only_train_phase_mae,fourier_only_train_q_norm,full_all_accuracy,full_all_loss,full_all_n,full_all_phase_mae,full_all_q_norm,full_heldout_accuracy,full_heldout_loss,full_heldout_n,full_heldout_phase_mae,full_heldout_q_norm,full_train_accuracy,full_train_loss,full_train_n,full_train_phase_mae,full_train_q_norm,route,run
20000,0.010309278350515464,254.97328625684185,9409.0,1.5707773243500143,6.470931693843453,0.01032493167324628,254.7949731793767,6586.0,1.5693742400751158,6.470931413721756,0.010272759475735034,255.38928901545341,2823.0,1.5740506906392402,6.470930909586848,0.9663067238591395,0.8614092889786374,0.3859852277861352,9409.0,1.414634377475621,9.572300641236946,0.8416337686000608,0.44907851542088534,6586.0,1.4230116330798475,9.549266176892745,0.9075451647183846,0.23878992439963231,2823.0,1.3950904152335262,9.626039705671742,0.8614092889786374,0.3859852277861352,9409.0,1.414634377475621,9.572300641236946,0.8416337686000608,0.44907851542088534,6586.0,1.4230116330798475,9.549266176892745,0.9075451647183846,0.23878992439963231,2823.0,1.3950904152335262,9.626039705671742,TT,phase1_operand_query_mod97_bitter_lesson_20k_from_5k
20000,0.010309278350515464,254.97328625684185,9409.0,1.5707773243500145,6.470931693843453,0.01032493167324628,254.79497080692,6586.0,1.5693742400751158,6.470931413721756,0.010272759475735034,255.3892897073149,2823.0,1.5740506906392402,6.470930909586848,0.9656597939797877,0.8214475502178765,0.5223435385597919,9409.0,1.4189531129081105,8.888556538080229,0.7812025508654722,0.642268266570702,6586.0,1.4309681944566002,8.869417929048419,0.9153382925965285,0.2425616771415578,2823.0,1.3909221787677084,8.933206485933418,0.8214475502178765,0.5223435385597919,9409.0,1.4189531129081105,8.888556538080229,0.7812025508654722,0.642268266570702,6586.0,1.4309681944566002,8.869417929048419,0.9153382925965285,0.2425616771415578,2823.0,1.3909221787677084,8.933206485933418,TN,phase1_operand_query_mod97_bitter_lesson_20k_from_5k
20000,0.010309278350515464,254.97328625684185,9409.0,1.570777324350014,6.470931693843453,0.01032493167324628,254.79497080692,6586.0,1.5693742400751158,6.470931413721756,0.010272759475735034,255.38929039917642,2823.0,1.5740506906392402,6.470930942017856,0.9666522601439681,0.8316505473482836,0.4341984976996447,9409.0,1.414269539664191,9.526562280743088,0.8092924385059217,0.49523811915201,6586.0,1.4203410672386922,9.504118056634693,0.8838115479985831,0.2917943374087867,2823.0,1.400104792726302,9.578923873009515,0.8316505473482836,0.4341984976996447,9409.0,1.414269539664191,9.526562280743088,0.8092924385059217,0.49523811915201,6586.0,1.4203410672386922,9.504118056634693,0.8838115479985831,0.2917943374087867,2823.0,1.400104792726302,9.578923873009515,TI,phase1_operand_query_mod97_bitter_lesson_20k_from_5k
20000,0.010309278350515464,254.9732870871639,9409.0,1.5707773243500145,6.470931693843453,0.01032493167324628,254.79496962069163,6586.0,1.5693742400751156,6.470931404454347,0.010272759475735034,255.38929039917642,2823.0,1.5740506906392404,6.470930942017856,0.9662106251822645,0.8366457646933787,0.46631009445166105,9409.0,1.4187640278767428,8.957534905181376,0.7985119951412086,0.5760963467743634,6586.0,1.4313328849611973,8.932302234602163,0.9256110520722636,0.21018107132501226,2823.0,1.3894411469847072,9.016402306389478,0.8366457646933787,0.46631009445166105,9409.0,1.4187640278767428,8.957534905181376,0.7985119951412086,0.5760963467743634,6586.0,1.4313328849611973,8.932302234602163,0.9256110520722636,0.21018107132501226,2823.0,1.3894411469847072,9.016402306389478,NT,phase1_operand_query_mod97_bitter_lesson_20k_from_5k
20000,0.010309278350515464,254.97328667200287,9409.0,1.5707773243500145,6.470931693843453,0.01032493167324628,254.79496902757742,6586.0,1.5693742400751156,6.470931404454347,0.010272759475735034,255.3892910910379,2823.0,1.5740506906392404,6.470930942017856,0.9637173575949436,0.7914762461473057,0.6501019032174563,9409.0,1.4216567826920508,8.332353447382909,0.7312481020346189,0.8368991784617925,6586.0,1.4391248719952079,8.303359202255495,0.9319872476089267,0.21430777388602085,2823.0,1.3809040954265188,8.399996172060073,0.7914762461473057,0.6501019032174563,9409.0,1.4216567826920508,8.332353447382909,0.7312481020346189,0.8368991784617925,6586.0,1.4391248719952079,8.303359202255495,0.9319872476089267,0.21430777388602085,2823.0,1.3809040954265188,8.399996172060073,NN,phase1_operand_query_mod97_bitter_lesson_20k_from_5k
20000,0.010309278350515464,254.97328584168085,9409.0,1.570777324350015,6.470931693843453,0.01032493167324628,254.79496962069163,6586.0,1.5693742400751154,6.470931404454347,0.010272759475735034,255.3892910910379,2823.0,1.5740506906392404,6.470930942017856,0.9657940608863357,0.8272930173238389,0.4882738914331628,9409.0,1.4188708100299954,8.930659722770004,0.7916793197692074,0.5931089261075555,6586.0,1.429451256447463,8.909629314386697,0.9103790294013461,0.24369593440240636,2823.0,1.3941868496667487,8.979723220592772,0.8272930173238389,0.4882738914331628,9409.0,1.4188708100299954,8.930659722770004,0.7916793197692074,0.5931089261075555,6586.0,1.429451256447463,8.909629314386697,0.9103790294013461,0.24369593440240636,2823.0,1.3941868496667487,8.979723220592772,NI,phase1_operand_query_mod97_bitter_lesson_20k_from_5k
20000,0.010309278350515464,254.97328625684185,9409.0,1.5707773243500145,6.470931693843453,0.01032493167324628,254.79496962069163,6586.0,1.5693742400751154,6.470931404454347,0.010272759475735034,255.3892910910379,2823.0,1.5740506906392402,6.470930942017856,0.9676331163729494,0.8439791688808588,0.42178807505411886,9409.0,1.4163971968982396,9.592332445684484,0.8225022775584573,0.48891615411484457,6586.0,1.4240289454823438,9.573579938224192,0.8940843074743181,0.2651796856122451,2823.0,1.3985924869531765,9.63608201581284,0.8439791688808588,0.42178807505411886,9409.0,1.4163971968982396,9.592332445684484,0.8225022775584573,0.48891615411484457,6586.0,1.4240289454823438,9.573579938224192,0.8940843074743181,0.2651796856122451,2823.0,1.3985924869531765,9.63608201581284,IT,phase1_operand_query_mod97_bitter_lesson_20k_from_5k
20000,0.010309278350515464,254.97328563410034,9409.0,1.5707773243433574,6.470931703573789,0.01032493167324628,254.79496962069163,6586.0,1.5693742400751156,6.470931404454347,0.010272759475735034,255.38929074510716,2823.0,1.5740506906170524,6.470930914992016,0.9663788580654975,0.8089063662450845,0.5615471156652733,9409.0,1.422422323682853,8.918412972287172,0.7679927118129365,0.6904351659868033,6586.0,1.4355770069867229,8.902550505896741,0.9043570669500531,0.2608539825882677,2823.0,1.391732722464545,8.955419434328853,0.8089063662450845,0.5615471156652733,9409.0,1.422422323682853,8.918412972287172,0.7679927118129365,0.6904351659868033,6586.0,1.4355770069867229,8.902550505896741,0.9043570669500531,0.2608539825882677,2823.0,1.391732722464545,8.955419434328853,IN,phase1_operand_query_mod97_bitter_lesson_20k_from_5k
20000,0.010309278350515464,254.97328604926133,9409.0,1.5707773243433574,6.470931703573789,0.01032493167324628,254.7949702138058,6586.0,1.5693742400751156,6.470931413721756,0.010272759475735034,255.38929074510716,2823.0,1.5740506906170524,6.470930914992016,0.9678507859515676,0.8264427675629716,0.4352720088109363,9409.0,1.4181104770452082,9.56105078965701,0.8064075311266322,0.4919401288141134,6586.0,1.4251211826687127,9.543856595592805,0.8731845554374779,0.30306646919318053,2823.0,1.4017546473475806,9.60116476612314,0.8264427675629716,0.4352720088109363,9409.0,1.4181104770452082,9.56105078965701,0.8064075311266322,0.4919401288141134,6586.0,1.4251211826687127,9.543856595592805,0.8731845554374779,0.30306646919318053,2823.0,1.4017546473475806,9.60116476612314,II,phase1_operand_query_mod97_bitter_lesson_20k_from_5k
